﻿Designator,Footprint,Quantity,Value,LCSC Part #
ANT1,ANT-TH_BD5.5-L18.0-D0.8_470M_LORA_ANT,1,VG915SNX17-5W2,C718842
C1,0603,1,1nF,
"C2, C3, C9",0603,3,1uF,
"C4, C5, C7",0603,3,100nF,
"C6, C8",0603,2,10uF,
LED1,LED-SMD_6P-L5.0-W5.0-TL_TC5050RGBF08,1,TC5050RGBF08-3CJH-AF53A,C784540
Q1,SOT-23,1,AO3400A,
"R1, R7",0603,2,750,
"R2, R3",0603,2,5.1k,
R4,0603,1,10k,
R5,0603,1,5,
R6,0603,1,1.3k,
SW1,SW-SMD_L3.9-W3.0-P4.45,1,TS-1088-AR02016,C720477
U1,WIRELM-SMD_DL-LLCC68-S-915S,1,DL-LLCC68-S-915S,C22448806
U2,SOT-23-6,1,USBLC6-2SC6,
U3,OLED-SMD_10P-P0.50_HS17QS178RX,1,HS17QS178RX,C5329581
U4,SOT-223-3_TabPin2,1,AMS1117-3.3,
U5,WIFIM-SMD_61P-L16.6-W13.2-P0.80-ESP32-C6-MINI-1-N4,1,ESP32-C6-MINI-1-N4,C5736265
USB1,USB-C-SMD_TYPE-C-6PIN-2MD-073,1,TYPE-C 16PIN 2MD(073),C2765186
