﻿Designator,Footprint,Quantity,Value,LCSC Part #
ANT1,ANT-TH_BD5.5-L18.0-D0.8_470M_LORA_ANT,1,VG915SNX17-5W2,C718842
"BT1, BT2",BatteryHolder_Keystone_2460_1xAA,2,Battery,
"C1, C3, C6, C7, C9",0603,5,1uF,
"C2, C5",0603,2,100nF,
C4,0603,1,1nF,
C8,0603,1,10uF,
CN1,CONN-TH_4P-P2.50_ZX-XH2.54-4PWZ,1,ZX-XH2.54-4PWZ,C7429643
D1,D_SMA,1,SS14,
J1,PinHeader_1x04_P2.54mm_Vertical,1,Conn_01x04,
J2,PinHeader_2x05_P1.27mm_Vertical,1,Conn_ARM_JTAG_SWD_10,
LED1,LED-SMD_4P-L3.2-W2.8-LS3.5-TL-1,1,S4-3528RGBTA-A,C2827321
"Q1, Q2",SOT-23,2,AO3401A,
"R1, R5, R6, R7",0603,4,1k,
"R10, R11, R13, R14, R4, R8",0603,6,10k,
R12,0603,1,4.7,
"R2, R3",0603,2,5.1k,
R9,0603,1,0,
SW1,SW-SMD_L3.9-W3.0-P4.45,1,TS-1088-AR02016,C720477
U1,WIRELM-SMD_DL-LLCC68-S-915S,1,DL-LLCC68-S-915S,C22448806
U2,LQFP-48_7x7mm_P0.5mm,1,STM32G030C8Tx,
U4,SOT-223-3_TabPin2,1,AMS1117-3.3,
USB1,USB-C-SMD_TYPE-C-6PIN-2MD-073,1,TYPE-C 16PIN 2MD(073),C2765186
