﻿Designator,Footprint,Quantity,Value,LCSC Part #
"ANT1_2, ANT1",ANT-TH_BD5.5-L18.0-D0.8_470M_LORA_ANT,2,VG915SNX17-5W2,C718842
"BT1, BT2",BatteryHolder_Keystone_2460_1xAA,2,Battery,
"C1_2, C2, C3_2, C3, C6_2, C7_2, C9_2, C9",0603,8,1uF,
"C1, C4_2",0603,2,1nF,
"C2_2, C4, C5_2, C5, C7",0603,5,100nF,
"C6, C8_2, C8",0603,3,10uF,
CN1,CONN-TH_4P-P2.50_ZX-XH2.54-4PWZ,1,ZX-XH2.54-4PWZ,C7429643
D1,D_SMA,1,SS14,
"J1_2, J1",PinHeader_1x04_P2.54mm_Vertical,2,Conn_01x04,
J2,PinHeader_2x05_P1.27mm_Vertical,1,Conn_ARM_JTAG_SWD_10,
"LED1_2, LED1",LED-SMD_4P-L3.2-W2.8-LS3.5-TL-1,2,S4-3528RGBTA-A,C2827321
"Q1_2, Q2",SOT-23,2,AO3401A,
Q1,SOT-23,1,AO3400A,
"R1_2, R1, R5_2, R6_2, R6, R7_2, R7",0603,7,1k,
"R10, R11, R13, R14, R4_2, R4, R8",0603,7,10k,
"R12, R5",0603,2,4.7,
"R2_2, R2, R3_2, R3",0603,4,5.1k,
R9,0603,1,0,
"SW1_2, SW1",SW-SMD_L3.9-W3.0-P4.45,2,TS-1088-AR02016,C720477
"U1_2, U1",WIRELM-SMD_DL-LLCC68-S-915S,2,DL-LLCC68-S-915S,C22448806
U2_2,LQFP-48_7x7mm_P0.5mm,1,STM32G030C8Tx,
U2,SOT-23-6,1,USBLC6-2SC6,
U3,OLED-SMD_10P-P0.50_HS17QS178RX,1,HS17QS178RX,C5329581
"U4_2, U4",SOT-223-3_TabPin2,2,AMS1117-3.3,
U6,ESP32-C6-MINI-1,1,ESP32-C6-MINI-1,
"USB1_2, USB1",USB-C-SMD_TYPE-C-6PIN-2MD-073,2,TYPE-C 16PIN 2MD(073),C2765186
